[{"model": "foodcartapp.restaurant", "pk": 1, "fields": {"name": "Star Burger Арбат", "address": "Москва, ул. Новый Арбат, 15", "contact_phone": "+7 (967) 157-44-13"}}, {"model": "foodcartapp.restaurant", "pk": 2, "fields": {"name": "Star Burger Цветной", "address": "Москва, Цветной бульвар, 11с2", "contact_phone": "+7 (929) 949-55-36"}}, {"model": "foodcartapp.restaurant", "pk": 3, "fields": {"name": "Star Burger Европейский", "address": "Москва, пл. Киевского Вокзала, 2", "contact_phone": "+7 (929) 680-47-58"}}, {"model": "foodcartapp.productcategory", "pk": 1, "fields": {"name": "Ролл"}}, {"model": "foodcartapp.productcategory", "pk": 2, "fields": {"name": "Бургер"}}, {"model": "foodcartapp.product", "pk": 1, "fields": {"name": "Стейкхаус", "category": 2, "price": "269.00", "image": "steak1.jpg", "special_status": false, "description": "Стейкхаус – это сочетание нашей фирменной, приготовленной на огне 100% говядины с ломтиками бекона и соусом «Барбекю», майонезом, листьями свежего салата, помидором и хрустящим луком на воздушной було"}}, {"model": "foodcartapp.product", "pk": 2, "fields": {"name": "Лонг Чизбургер", "category": 2, "price": "219.00", "image": "long_chiz1.jpg", "special_status": false, "description": "Лонг Чизбургер – эталон в коллекции чизбургеров! Два приготовленных на огне бифштекса с двумя ломтиками слегка расплавленного сыра, хрустящими огурчиками, рубленым луком, горчицей и кетчупом на длинно"}}, {"model": "foodcartapp.product", "pk": 3, "fields": {"name": "Тройной Воппер", "category": 2, "price": "369.00", "image": "triple_vopper1.jpg", "special_status": false, "description": "ВОППЕР® — это вкуснейшая приготовленная на огне 100% говядина с сочными помидорами, свежим нарезанным листовым салатом, густым майонезом, хрустящими маринованными огурчиками и свежим луком на нежной"}}, {"model": "foodcartapp.product", "pk": 4, "fields": {"name": "Беконайзер", "category": 2, "price": "319.00", "image": "beconizer1.jpg", "special_status": false, "description": "Встречай самый внушительный бургер в коллекции Бургер Кинг. Много мяса, много бекона и много сыра - все, как ты любишь, и ничего лишнего!"}}, {"model": "foodcartapp.product", "pk": 5, "fields": {"name": "Фиш Ролл", "category": 1, "price": "199.00", "image": "fish_roll1.jpg", "special_status": false, "description": "Наш новый ролл с аппетитной котлеткой из филе белой рыбы, с фирменным соусом, маринованными огурчиками и хрустящим салатом. Легкое рыбное удовольствие!"}}, {"model": "foodcartapp.product", "pk": 6, "fields": {"name": "Пикачурбургер", "category": 2, "price": "69420.00", "image": "Pikachurburger.jpg", "special_status": false, "description": ""}}, {"model": "foodcartapp.restaurantmenuitem", "pk": 1, "fields": {"restaurant": 1, "product": 1, "availability": true}}, {"model": "foodcartapp.restaurantmenuitem", "pk": 2, "fields": {"restaurant": 2, "product": 1, "availability": true}}, {"model": "foodcartapp.restaurantmenuitem", "pk": 3, "fields": {"restaurant": 3, "product": 1, "availability": true}}, {"model": "foodcartapp.restaurantmenuitem", "pk": 4, "fields": {"restaurant": 1, "product": 2, "availability": true}}, {"model": "foodcartapp.restaurantmenuitem", "pk": 5, "fields": {"restaurant": 2, "product": 2, "availability": true}}, {"model": "foodcartapp.restaurantmenuitem", "pk": 6, "fields": {"restaurant": 3, "product": 2, "availability": true}}, {"model": "foodcartapp.restaurantmenuitem", "pk": 7, "fields": {"restaurant": 3, "product": 3, "availability": true}}, {"model": "foodcartapp.restaurantmenuitem", "pk": 8, "fields": {"restaurant": 2, "product": 4, "availability": true}}, {"model": "foodcartapp.restaurantmenuitem", "pk": 9, "fields": {"restaurant": 2, "product": 5, "availability": false}}, {"model": "foodcartapp.restaurantmenuitem", "pk": 10, "fields": {"restaurant": 1, "product": 5, "availability": true}}, {"model": "foodcartapp.restaurantmenuitem", "pk": 11, "fields": {"restaurant": 3, "product": 5, "availability": true}}, {"model": "foodcartapp.restaurantmenuitem", "pk": 12, "fields": {"restaurant": 1, "product": 6, "availability": false}}, {"model": "foodcartapp.restaurantmenuitem", "pk": 13, "fields": {"restaurant": 2, "product": 6, "availability": true}}, {"model": "foodcartapp.restaurantmenuitem", "pk": 14, "fields": {"restaurant": 3, "product": 6, "availability": true}}, {"model": "foodcartapp.restaurantmenuitem", "pk": 15, "fields": {"restaurant": 3, "product": 4, "availability": true}}, {"model": "foodcartapp.order", "pk": 1, "fields": {"firstname": "DavidJohn", "lastname": "Schnoll", "address": "חכליל, 1151", "phonenumber": "+972584579806", "status": "delivered", "payment_method": "cash", "comments": "", "cooked_by": null, "created_at": "2023-12-20T11:45:35.356Z", "accepted_at": null, "delivered_at": null, "available_restaurants": [1, 2, 3]}}, {"model": "foodcartapp.order", "pk": 2, "fields": {"firstname": "David", "lastname": "Schnoll", "address": "חכליל, 1151", "phonenumber": "+972584579806", "status": "delivered", "payment_method": "cash", "comments": "", "cooked_by": null, "created_at": "2023-12-20T11:45:35.356Z", "accepted_at": null, "delivered_at": null, "available_restaurants": [1, 2, 3]}}, {"model": "foodcartapp.order", "pk": 3, "fields": {"firstname": "Lol", "lastname": "Kek", "address": "lolkek ave, 6", "phonenumber": "+79091234567", "status": "delivered", "payment_method": "cash", "comments": "", "cooked_by": 3, "created_at": "2023-12-20T11:45:35Z", "accepted_at": null, "delivered_at": null, "available_restaurants": [2, 3]}}, {"model": "foodcartapp.order", "pk": 4, "fields": {"firstname": "Test", "lastname": "Surname", "address": "Wouldn't you like to know st., 12", "phonenumber": "+79091234567", "status": "delivered", "payment_method": "online", "comments": "Pepperoni pizza, please", "cooked_by": null, "created_at": "2023-12-20T11:45:35Z", "accepted_at": null, "delivered_at": null, "available_restaurants": [3]}}, {"model": "foodcartapp.order", "pk": 5, "fields": {"firstname": "Test", "lastname": "Surname", "address": "Wouldn't you like to know st., 12", "phonenumber": "+79091234567", "status": "delivered", "payment_method": "cash", "comments": "I'd like a pepperoni pizza, please", "cooked_by": null, "created_at": "2023-12-20T11:45:35.356Z", "accepted_at": null, "delivered_at": null, "available_restaurants": [1, 2, 3]}}, {"model": "foodcartapp.order", "pk": 6, "fields": {"firstname": "John", "lastname": "Burger", "address": "This place right here!", "phonenumber": "+79291000000", "status": "delivered", "payment_method": "cash", "comments": "", "cooked_by": 2, "created_at": "2023-12-20T11:45:35Z", "accepted_at": null, "delivered_at": null, "available_restaurants": [2, 3]}}, {"model": "foodcartapp.order", "pk": 7, "fields": {"firstname": "David", "lastname": "Shnol", "address": "חכליל, 1151", "phonenumber": "+972584579806", "status": "delivered", "payment_method": "cash", "comments": "", "cooked_by": null, "created_at": "2023-12-20T11:45:35.356Z", "accepted_at": null, "delivered_at": null, "available_restaurants": [1, 2, 3]}}, {"model": "foodcartapp.order", "pk": 8, "fields": {"firstname": "John", "lastname": "Burger", "address": "This place right here!", "phonenumber": "+79291000000", "status": "delivered", "payment_method": "cash", "comments": "", "cooked_by": null, "created_at": "2023-12-20T11:45:35.356Z", "accepted_at": null, "delivered_at": null, "available_restaurants": [3]}}, {"model": "foodcartapp.order", "pk": 9, "fields": {"firstname": "John", "lastname": "Burger", "address": "This place right here!", "phonenumber": "+79291000000", "status": "delivered", "payment_method": "cash", "comments": "", "cooked_by": null, "created_at": "2023-12-20T11:45:35.356Z", "accepted_at": null, "delivered_at": null, "available_restaurants": [1, 2, 3]}}, {"model": "foodcartapp.order", "pk": 10, "fields": {"firstname": "Boris", "lastname": "Sandwich", "address": "This place right here!", "phonenumber": "+79291000000", "status": "delivered", "payment_method": "cash", "comments": "", "cooked_by": null, "created_at": "2023-12-20T11:45:35.356Z", "accepted_at": null, "delivered_at": null, "available_restaurants": [2, 3]}}, {"model": "foodcartapp.order", "pk": 11, "fields": {"firstname": "Borislav", "lastname": "Schprotz", "address": "Somewhere, please", "phonenumber": "+79031234567", "status": "delivered", "payment_method": "cash", "comments": "", "cooked_by": null, "created_at": "2023-12-20T11:45:35.356Z", "accepted_at": null, "delivered_at": null, "available_restaurants": [3]}}, {"model": "foodcartapp.order", "pk": 12, "fields": {"firstname": "Иван", "lastname": "Петров", "address": "Москва", "phonenumber": "+79291000000", "status": "delivered", "payment_method": "cash", "comments": "", "cooked_by": null, "created_at": "2023-12-20T11:45:35.356Z", "accepted_at": null, "delivered_at": null, "available_restaurants": [1, 2, 3]}}, {"model": "foodcartapp.order", "pk": 13, "fields": {"firstname": "Иван", "lastname": "Петров", "address": "Москва", "phonenumber": "+79291000000", "status": "delivered", "payment_method": "cash", "comments": "", "cooked_by": null, "created_at": "2023-12-20T11:45:35.356Z", "accepted_at": null, "delivered_at": null, "available_restaurants": [3]}}, {"model": "foodcartapp.order", "pk": 14, "fields": {"firstname": "Borislav", "lastname": "Schprotz", "address": "Somewhere, please", "phonenumber": "+79031234567", "status": "delivered", "payment_method": "cash", "comments": "", "cooked_by": null, "created_at": "2023-12-20T11:45:35.356Z", "accepted_at": null, "delivered_at": null, "available_restaurants": [3]}}, {"model": "foodcartapp.order", "pk": 15, "fields": {"firstname": "Borislav", "lastname": "Schprotz", "address": "Somewhere, please", "phonenumber": "+79031234567", "status": "delivered", "payment_method": "cash", "comments": "", "cooked_by": null, "created_at": "2023-12-20T11:45:35.356Z", "accepted_at": null, "delivered_at": null, "available_restaurants": [3]}}, {"model": "foodcartapp.order", "pk": 16, "fields": {"firstname": "Borislav", "lastname": "Schprotz", "address": "Somewhere, please", "phonenumber": "+79031234567", "status": "delivered", "payment_method": "cash", "comments": "", "cooked_by": null, "created_at": "2023-12-20T11:45:35.356Z", "accepted_at": null, "delivered_at": null, "available_restaurants": [3]}}, {"model": "foodcartapp.order", "pk": 17, "fields": {"firstname": "Borislav", "lastname": "Schprotz", "address": "Somewhere, please", "phonenumber": "+79031234567", "status": "delivered", "payment_method": "cash", "comments": "", "cooked_by": null, "created_at": "2023-12-20T11:45:35.356Z", "accepted_at": null, "delivered_at": null, "available_restaurants": [3]}}, {"model": "foodcartapp.order", "pk": 18, "fields": {"firstname": "David", "lastname": "Schnoll", "address": "Here, please", "phonenumber": "+972584579806", "status": "delivered", "payment_method": "cash", "comments": "", "cooked_by": null, "created_at": "2023-12-20T11:45:35.356Z", "accepted_at": null, "delivered_at": null, "available_restaurants": [1, 2, 3]}}, {"model": "foodcartapp.order", "pk": 19, "fields": {"firstname": "David", "lastname": "Schnoll", "address": "Here, please", "phonenumber": "+972584579806", "status": "delivered", "payment_method": "cash", "comments": "", "cooked_by": null, "created_at": "2023-12-20T11:45:35.356Z", "accepted_at": null, "delivered_at": null, "available_restaurants": [1, 2, 3]}}, {"model": "foodcartapp.order", "pk": 20, "fields": {"firstname": "David", "lastname": "Schnoll", "address": "Here, please", "phonenumber": "+972584579806", "status": "delivered", "payment_method": "cash", "comments": "", "cooked_by": null, "created_at": "2023-12-20T11:45:35.356Z", "accepted_at": null, "delivered_at": null, "available_restaurants": [1, 2, 3]}}, {"model": "foodcartapp.order", "pk": 21, "fields": {"firstname": "David", "lastname": "Schnoll", "address": "Here, please", "phonenumber": "+972584579806", "status": "delivered", "payment_method": "cash", "comments": "", "cooked_by": null, "created_at": "2023-12-20T11:45:35.356Z", "accepted_at": null, "delivered_at": null, "available_restaurants": [1, 2, 3]}}, {"model": "foodcartapp.order", "pk": 22, "fields": {"firstname": "David", "lastname": "Schnoll", "address": "Here, please", "phonenumber": "+972584579806", "status": "delivered", "payment_method": "cash", "comments": "", "cooked_by": null, "created_at": "2023-12-20T11:45:35.356Z", "accepted_at": null, "delivered_at": null, "available_restaurants": [1, 2, 3]}}, {"model": "foodcartapp.order", "pk": 23, "fields": {"firstname": "Johnathan", "lastname": "Joestar", "address": "Joestar Mansion", "phonenumber": "+79091234567", "status": "delivered", "payment_method": "cash", "comments": "", "cooked_by": null, "created_at": "2023-12-20T11:45:35.356Z", "accepted_at": null, "delivered_at": null, "available_restaurants": [1, 2, 3]}}, {"model": "foodcartapp.order", "pk": 24, "fields": {"firstname": "Johnathan", "lastname": "Joestar", "address": "Joestar Mansion", "phonenumber": "+79091234567", "status": "delivered", "payment_method": "cash", "comments": "", "cooked_by": null, "created_at": "2023-12-20T11:45:35.356Z", "accepted_at": null, "delivered_at": null, "available_restaurants": [1, 2, 3]}}, {"model": "foodcartapp.order", "pk": 25, "fields": {"firstname": "Johnathan", "lastname": "Joestar", "address": "Joestar Mansion", "phonenumber": "+79091234567", "status": "delivered", "payment_method": "cash", "comments": "", "cooked_by": null, "created_at": "2023-12-20T11:45:35.356Z", "accepted_at": null, "delivered_at": null, "available_restaurants": [1, 2, 3]}}, {"model": "foodcartapp.order", "pk": 26, "fields": {"firstname": "Johnathan", "lastname": "Joestar", "address": "Joestar Mansion", "phonenumber": "+79091234567", "status": "delivered", "payment_method": "cash", "comments": "", "cooked_by": null, "created_at": "2023-12-20T11:45:35.356Z", "accepted_at": null, "delivered_at": null, "available_restaurants": [1, 2, 3]}}, {"model": "foodcartapp.order", "pk": 27, "fields": {"firstname": "Ash", "lastname": "Trainer", "address": "Poke-town", "phonenumber": "+79091234567", "status": "delivered", "payment_method": "cash", "comments": "", "cooked_by": null, "created_at": "2023-12-20T11:45:35.356Z", "accepted_at": null, "delivered_at": null, "available_restaurants": [2, 3]}}, {"model": "foodcartapp.order", "pk": 28, "fields": {"firstname": "Ash", "lastname": "Trainer", "address": "Poke-town", "phonenumber": "+79091234567", "status": "delivered", "payment_method": "cash", "comments": "", "cooked_by": null, "created_at": "2023-12-20T11:45:35.356Z", "accepted_at": null, "delivered_at": null, "available_restaurants": [2, 3]}}, {"model": "foodcartapp.order", "pk": 29, "fields": {"firstname": "Ash", "lastname": "Trainer", "address": "Poke-town", "phonenumber": "+79091234567", "status": "delivered", "payment_method": "cash", "comments": "", "cooked_by": null, "created_at": "2023-12-20T11:45:35.356Z", "accepted_at": null, "delivered_at": null, "available_restaurants": [2, 3]}}, {"model": "foodcartapp.order", "pk": 30, "fields": {"firstname": "Ash", "lastname": "Trainer", "address": "Poke-town", "phonenumber": "+79091234567", "status": "delivered", "payment_method": "cash", "comments": "", "cooked_by": null, "created_at": "2023-12-20T11:45:35.356Z", "accepted_at": null, "delivered_at": null, "available_restaurants": [1, 2, 3]}}, {"model": "foodcartapp.order", "pk": 31, "fields": {"firstname": "Ash", "lastname": "Trainer", "address": "Poke-town", "phonenumber": "+79091234567", "status": "delivered", "payment_method": "cash", "comments": "", "cooked_by": null, "created_at": "2023-12-20T11:45:35.356Z", "accepted_at": null, "delivered_at": null, "available_restaurants": [1, 2, 3]}}, {"model": "foodcartapp.order", "pk": 32, "fields": {"firstname": "Ash", "lastname": "Trainer", "address": "Poke-town", "phonenumber": "+79091234567", "status": "delivered", "payment_method": "cash", "comments": "", "cooked_by": null, "created_at": "2023-12-20T11:45:35.356Z", "accepted_at": null, "delivered_at": null, "available_restaurants": [1, 2, 3]}}, {"model": "foodcartapp.order", "pk": 33, "fields": {"firstname": "Ash", "lastname": "Trainer", "address": "Poke-town", "phonenumber": "+79091234567", "status": "delivered", "payment_method": "cash", "comments": "", "cooked_by": null, "created_at": "2023-12-20T11:45:35.356Z", "accepted_at": null, "delivered_at": null, "available_restaurants": [1, 2, 3]}}, {"model": "foodcartapp.order", "pk": 34, "fields": {"firstname": "Ash", "lastname": "Trainer", "address": "Poke-town", "phonenumber": "+79091234567", "status": "delivered", "payment_method": "cash", "comments": "", "cooked_by": null, "created_at": "2023-12-20T11:45:35.356Z", "accepted_at": null, "delivered_at": null, "available_restaurants": [2, 3]}}, {"model": "foodcartapp.order", "pk": 35, "fields": {"firstname": "Ash", "lastname": "Trainer", "address": "Poke-town", "phonenumber": "+79091234567", "status": "delivered", "payment_method": "cash", "comments": "", "cooked_by": null, "created_at": "2023-12-20T11:45:35.356Z", "accepted_at": null, "delivered_at": null, "available_restaurants": [1, 2, 3]}}, {"model": "foodcartapp.order", "pk": 36, "fields": {"firstname": "Ashton", "lastname": "Trainer", "address": "Poke-town", "phonenumber": "+79091234567", "status": "delivered", "payment_method": "cash", "comments": "", "cooked_by": null, "created_at": "2023-12-20T11:45:35.356Z", "accepted_at": null, "delivered_at": null, "available_restaurants": [2, 3]}}, {"model": "foodcartapp.order", "pk": 37, "fields": {"firstname": "Ashton", "lastname": "Trainerson", "address": "Poke-town", "phonenumber": "+79091234567", "status": "delivered", "payment_method": "cash", "comments": "", "cooked_by": null, "created_at": "2023-12-20T11:45:35.356Z", "accepted_at": null, "delivered_at": null, "available_restaurants": [1, 2, 3]}}, {"model": "foodcartapp.order", "pk": 38, "fields": {"firstname": "AshtonJohn", "lastname": "Trainerson", "address": "Poke-town", "phonenumber": "+79091234567", "status": "delivered", "payment_method": "cash", "comments": "", "cooked_by": null, "created_at": "2023-12-20T11:45:35.356Z", "accepted_at": null, "delivered_at": null, "available_restaurants": [2, 3]}}, {"model": "foodcartapp.order", "pk": 39, "fields": {"firstname": "PikaAshton", "lastname": "Trainerson", "address": "Poke-town", "phonenumber": "+79091234567", "status": "delivered", "payment_method": "cash", "comments": "", "cooked_by": null, "created_at": "2023-12-20T11:45:35.356Z", "accepted_at": null, "delivered_at": null, "available_restaurants": [2, 3]}}, {"model": "foodcartapp.order", "pk": 40, "fields": {"firstname": "Jogn", "lastname": "BurgerFan", "address": "420, Burgetown", "phonenumber": "+79091234567", "status": "delivered", "payment_method": "cash", "comments": "", "cooked_by": null, "created_at": "2023-12-20T11:45:35Z", "accepted_at": null, "delivered_at": null, "available_restaurants": [1, 2, 3]}}, {"model": "foodcartapp.order", "pk": 41, "fields": {"firstname": "Элвис", "lastname": "Бургер", "address": "Кингтаун", "phonenumber": "+79091234567", "status": "delivered", "payment_method": "cash", "comments": "", "cooked_by": null, "created_at": "2023-12-21T12:55:07Z", "accepted_at": null, "delivered_at": null, "available_restaurants": [1, 2, 3]}}, {"model": "foodcartapp.order", "pk": 42, "fields": {"firstname": "a", "lastname": "b", "address": "c", "phonenumber": "+79091234567", "status": "delivered", "payment_method": "cash", "comments": "", "cooked_by": null, "created_at": "2023-12-21T13:13:19.897Z", "accepted_at": null, "delivered_at": null, "available_restaurants": [1, 2, 3]}}, {"model": "foodcartapp.order", "pk": 43, "fields": {"firstname": "Алексей", "lastname": "Иванов", "address": "г. Москва, ул. Тверская, д. 10, кв. 15", "phonenumber": "+79991234567", "status": "created", "payment_method": "cash", "comments": "", "cooked_by": null, "created_at": "2024-01-02T20:32:15.618Z", "accepted_at": null, "delivered_at": null, "available_restaurants": [3]}}, {"model": "foodcartapp.order", "pk": 44, "fields": {"firstname": "Екатерина", "lastname": "Петрова", "address": "ул. Верхние поля, 6", "phonenumber": "+79876543210", "status": "created", "payment_method": "cash", "comments": "", "cooked_by": null, "created_at": "2024-01-02T20:32:25Z", "accepted_at": null, "delivered_at": null, "available_restaurants": [2, 3]}}, {"model": "foodcartapp.order", "pk": 45, "fields": {"firstname": "Дмитрий", "lastname": "Смирнов", "address": "г. Москва, ул. Арбат, д. 15, кв. 5", "phonenumber": "+79261112233", "status": "created", "payment_method": "cash", "comments": "", "cooked_by": null, "created_at": "2024-01-02T20:32:33.889Z", "accepted_at": null, "delivered_at": null, "available_restaurants": [1, 2, 3]}}, {"model": "foodcartapp.order", "pk": 46, "fields": {"firstname": "Ольга", "lastname": "Кузнецова", "address": "г. Москва, ул. Новый Арбат, д. 20, кв. 8", "phonenumber": "+79653334455", "status": "created", "payment_method": "cash", "comments": "", "cooked_by": null, "created_at": "2024-01-02T20:32:38.678Z", "accepted_at": null, "delivered_at": null, "available_restaurants": [1, 2, 3]}}, {"model": "foodcartapp.order", "pk": 47, "fields": {"firstname": "Андрей", "lastname": "Соколов", "address": "г. Москва, ул. Ленинский проспект, д. 100, кв. 12", "phonenumber": "+79038765421", "status": "created", "payment_method": "cash", "comments": "", "cooked_by": null, "created_at": "2024-01-02T20:32:44.831Z", "accepted_at": null, "delivered_at": null, "available_restaurants": [1, 2, 3]}}, {"model": "foodcartapp.order", "pk": 48, "fields": {"firstname": "Мария", "lastname": "Васильева", "address": "г. Москва, ул. Садовая-Кудринская, д. 5, кв. 40", "phonenumber": "+79259876543", "status": "created", "payment_method": "cash", "comments": "", "cooked_by": null, "created_at": "2024-01-02T20:32:51.739Z", "accepted_at": null, "delivered_at": null, "available_restaurants": [2, 3]}}, {"model": "foodcartapp.order", "pk": 49, "fields": {"firstname": "Александр", "lastname": "Морозов", "address": "г. Москва, ул. Большая Никитская, д. 25, кв. 18", "phonenumber": "+79671112233", "status": "created", "payment_method": "cash", "comments": "", "cooked_by": null, "created_at": "2024-01-02T20:32:58.458Z", "accepted_at": null, "delivered_at": null, "available_restaurants": [3]}}, {"model": "foodcartapp.order", "pk": 50, "fields": {"firstname": "Евгения", "lastname": "Новикова", "address": "г. Москва, ул. Лубянка, д. 12, кв. 22", "phonenumber": "+79162223344", "status": "created", "payment_method": "cash", "comments": "", "cooked_by": null, "created_at": "2024-01-02T20:33:03.446Z", "accepted_at": null, "delivered_at": null, "available_restaurants": [1, 2, 3]}}, {"model": "foodcartapp.order", "pk": 51, "fields": {"firstname": "Иван", "lastname": "Козлов", "address": "г. Москва, ул. Красная Пресня, д. 8, кв. 7", "phonenumber": "+79253334455", "status": "created", "payment_method": "cash", "comments": "", "cooked_by": null, "created_at": "2024-01-02T20:33:09.034Z", "accepted_at": null, "delivered_at": null, "available_restaurants": [1, 2, 3]}}, {"model": "foodcartapp.order", "pk": 52, "fields": {"firstname": "Анна", "lastname": "Лебедева", "address": "г. Москва, ул. Смоленская-Сенная площадь, д. 3, кв. 14", "phonenumber": "+79998765432", "status": "created", "payment_method": "cash", "comments": "", "cooked_by": null, "created_at": "2024-01-02T20:33:14.428Z", "accepted_at": null, "delivered_at": null, "available_restaurants": [2, 3]}}, {"model": "foodcartapp.order", "pk": 53, "fields": {"firstname": "Сергей", "lastname": "Смирнов", "address": "г. Москва, ул. Большая Дмитровка, д. 18, кв. 25", "phonenumber": "+79851112233", "status": "created", "payment_method": "cash", "comments": "", "cooked_by": null, "created_at": "2024-01-02T20:33:26.582Z", "accepted_at": null, "delivered_at": null, "available_restaurants": [1, 2, 3]}}, {"model": "foodcartapp.order", "pk": 54, "fields": {"firstname": "Елена", "lastname": "Попова", "address": "г. Москва, ул. Театральный проезд, д. 7, кв. 11", "phonenumber": "+79262223344", "status": "created", "payment_method": "cash", "comments": "", "cooked_by": null, "created_at": "2024-01-02T20:33:36.813Z", "accepted_at": null, "delivered_at": null, "available_restaurants": [1, 2, 3]}}, {"model": "foodcartapp.order", "pk": 55, "fields": {"firstname": "Артем", "lastname": "Соколов", "address": "г. Москва, ул. Большая Якиманка, д. 30, кв. 9", "phonenumber": "+79163334455", "status": "created", "payment_method": "cash", "comments": "", "cooked_by": null, "created_at": "2024-01-02T20:33:43.362Z", "accepted_at": null, "delivered_at": null, "available_restaurants": [3]}}, {"model": "foodcartapp.order", "pk": 56, "fields": {"firstname": "Маргарита", "lastname": "Иванова", "address": "г. Москва, ул. Никольская, д. 15, кв. 3", "phonenumber": "+79254445566", "status": "created", "payment_method": "cash", "comments": "", "cooked_by": null, "created_at": "2024-01-02T20:34:35.136Z", "accepted_at": null, "delivered_at": null, "available_restaurants": [1, 2, 3]}}, {"model": "foodcartapp.order", "pk": 57, "fields": {"firstname": "Павел", "lastname": "Кузнецов", "address": "г. Москва, ул. Кузнецкий Мост, д. 7, кв. 20", "phonenumber": "+79035556677", "status": "created", "payment_method": "cash", "comments": "", "cooked_by": null, "created_at": "2024-01-02T20:34:42.027Z", "accepted_at": null, "delivered_at": null, "available_restaurants": [1, 2, 3]}}, {"model": "foodcartapp.order", "pk": 58, "fields": {"firstname": "Наталья", "lastname": "Смирнова", "address": "г. Москва, ул. Смоленская-Сенная площадь, д. 3, кв. 14", "phonenumber": "+79656667788", "status": "created", "payment_method": "cash", "comments": "", "cooked_by": null, "created_at": "2024-01-02T20:34:48.086Z", "accepted_at": null, "delivered_at": null, "available_restaurants": [2, 3]}}, {"model": "foodcartapp.order", "pk": 59, "fields": {"firstname": "Владимир", "lastname": "Петров", "address": "г. Москва, ул. Лубянка, д. 12, кв. 22", "phonenumber": "+79997778899", "status": "created", "payment_method": "cash", "comments": "", "cooked_by": null, "created_at": "2024-01-02T20:34:52.606Z", "accepted_at": null, "delivered_at": null, "available_restaurants": [1, 2, 3]}}, {"model": "foodcartapp.order", "pk": 60, "fields": {"firstname": "Татьяна", "lastname": "Соколова", "address": "г. Москва, ул. Большая Никитская, д. 25, кв. 18", "phonenumber": "+79878889900", "status": "created", "payment_method": "cash", "comments": "", "cooked_by": null, "created_at": "2024-01-02T20:34:57.304Z", "accepted_at": null, "delivered_at": null, "available_restaurants": [1, 2, 3]}}, {"model": "foodcartapp.order", "pk": 61, "fields": {"firstname": "Игорь", "lastname": "Иванов", "address": "г. Москва, ул. Тверская, д. 10, кв. 15", "phonenumber": "+79269990011", "status": "created", "payment_method": "cash", "comments": "", "cooked_by": null, "created_at": "2024-01-02T20:35:01.404Z", "accepted_at": null, "delivered_at": null, "available_restaurants": [3]}}, {"model": "foodcartapp.order", "pk": 62, "fields": {"firstname": "Светлана", "lastname": "Козлова", "address": "г. Москва, ул. Арбат, д. 15, кв. 5", "phonenumber": "+79250001122", "status": "created", "payment_method": "cash", "comments": "", "cooked_by": null, "created_at": "2024-01-02T20:35:06.597Z", "accepted_at": null, "delivered_at": null, "available_restaurants": [1, 2, 3]}}, {"model": "foodcartapp.order", "pk": 63, "fields": {"firstname": "Максим", "lastname": "Попов", "address": "г. Москва, ул. Кузнецкий Мост, д. 7, кв. 20", "phonenumber": "+79991112233", "status": "created", "payment_method": "cash", "comments": "", "cooked_by": null, "created_at": "2024-01-02T20:35:10.864Z", "accepted_at": null, "delivered_at": null, "available_restaurants": [1, 2, 3]}}, {"model": "foodcartapp.order", "pk": 64, "fields": {"firstname": "Давидос", "lastname": "Шнолянски", "address": "ул. Верхние поля, 4", "phonenumber": "+79091234567", "status": "created", "payment_method": "cash", "comments": "", "cooked_by": null, "created_at": "2024-02-04T13:24:32.832Z", "accepted_at": null, "delivered_at": null, "available_restaurants": [1, 2, 3]}}, {"model": "foodcartapp.order", "pk": 65, "fields": {"firstname": "Давидос", "lastname": "Шноля", "address": "Ленинский проспект, 4", "phonenumber": "+79291000000", "status": "created", "payment_method": "cash", "comments": "", "cooked_by": null, "created_at": "2024-02-26T13:18:12.029Z", "accepted_at": null, "delivered_at": null, "available_restaurants": [3]}}, {"model": "foodcartapp.order", "pk": 66, "fields": {"firstname": "Петек", "lastname": "Хуфшатски", "address": "Загородное шоссе, 5", "phonenumber": "+79291000000", "status": "created", "payment_method": "cash", "comments": "", "cooked_by": null, "created_at": "2024-02-26T13:19:14.883Z", "accepted_at": null, "delivered_at": null, "available_restaurants": [3]}}, {"model": "foodcartapp.order", "pk": 67, "fields": {"firstname": "Петек", "lastname": "Хуфшатски", "address": "Загородное шоссе, 51", "phonenumber": "+79291909090", "status": "created", "payment_method": "cash", "comments": "", "cooked_by": null, "created_at": "2024-02-26T13:21:03.994Z", "accepted_at": null, "delivered_at": null, "available_restaurants": [3]}}, {"model": "foodcartapp.order", "pk": 68, "fields": {"firstname": "David", "lastname": "Schnoll", "address": "Загородное шоссе, 5521", "phonenumber": "+79291000000", "status": "created", "payment_method": "cash", "comments": "", "cooked_by": null, "created_at": "2024-02-26T16:48:48.892Z", "accepted_at": null, "delivered_at": null, "available_restaurants": [3]}}, {"model": "foodcartapp.order", "pk": 69, "fields": {"firstname": "David", "lastname": "Schnoll", "address": "Загородное шоссе, 55211", "phonenumber": "+79291000000", "status": "created", "payment_method": "cash", "comments": "", "cooked_by": null, "created_at": "2024-02-26T16:52:01.491Z", "accepted_at": null, "delivered_at": null, "available_restaurants": [3]}}, {"model": "foodcartapp.ordercontents", "pk": 1, "fields": {"order": 2, "product": 2, "quantity": 2, "cost": "0.00"}}, {"model": "foodcartapp.ordercontents", "pk": 2, "fields": {"order": 2, "product": 1, "quantity": 1, "cost": "0.00"}}, {"model": "foodcartapp.ordercontents", "pk": 3, "fields": {"order": 3, "product": 1, "quantity": 3, "cost": "0.00"}}, {"model": "foodcartapp.ordercontents", "pk": 4, "fields": {"order": 3, "product": 4, "quantity": 3, "cost": "0.00"}}, {"model": "foodcartapp.ordercontents", "pk": 5, "fields": {"order": 4, "product": 3, "quantity": 51, "cost": "0.00"}}, {"model": "foodcartapp.ordercontents", "pk": 6, "fields": {"order": 5, "product": 2, "quantity": 42, "cost": "0.00"}}, {"model": "foodcartapp.ordercontents", "pk": 7, "fields": {"order": 6, "product": 1, "quantity": 11, "cost": "0.00"}}, {"model": "foodcartapp.ordercontents", "pk": 8, "fields": {"order": 6, "product": 4, "quantity": 48, "cost": "0.00"}}, {"model": "foodcartapp.ordercontents", "pk": 9, "fields": {"order": 7, "product": 2, "quantity": 1, "cost": "0.00"}}, {"model": "foodcartapp.ordercontents", "pk": 10, "fields": {"order": 8, "product": 2, "quantity": 99, "cost": "0.00"}}, {"model": "foodcartapp.ordercontents", "pk": 11, "fields": {"order": 8, "product": 3, "quantity": 42, "cost": "0.00"}}, {"model": "foodcartapp.ordercontents", "pk": 12, "fields": {"order": 9, "product": 1, "quantity": 11, "cost": "0.00"}}, {"model": "foodcartapp.ordercontents", "pk": 13, "fields": {"order": 10, "product": 1, "quantity": 11, "cost": "0.00"}}, {"model": "foodcartapp.ordercontents", "pk": 14, "fields": {"order": 10, "product": 4, "quantity": 48, "cost": "0.00"}}, {"model": "foodcartapp.ordercontents", "pk": 15, "fields": {"order": 11, "product": 1, "quantity": 123, "cost": "0.00"}}, {"model": "foodcartapp.ordercontents", "pk": 16, "fields": {"order": 11, "product": 2, "quantity": 1, "cost": "0.00"}}, {"model": "foodcartapp.ordercontents", "pk": 17, "fields": {"order": 11, "product": 3, "quantity": 1, "cost": "0.00"}}, {"model": "foodcartapp.ordercontents", "pk": 18, "fields": {"order": 11, "product": 4, "quantity": 7, "cost": "0.00"}}, {"model": "foodcartapp.ordercontents", "pk": 19, "fields": {"order": 13, "product": 3, "quantity": 0, "cost": "0.00"}}, {"model": "foodcartapp.ordercontents", "pk": 20, "fields": {"order": 14, "product": 1, "quantity": 123, "cost": "0.00"}}, {"model": "foodcartapp.ordercontents", "pk": 21, "fields": {"order": 14, "product": 2, "quantity": 1, "cost": "0.00"}}, {"model": "foodcartapp.ordercontents", "pk": 22, "fields": {"order": 14, "product": 3, "quantity": 1, "cost": "0.00"}}, {"model": "foodcartapp.ordercontents", "pk": 23, "fields": {"order": 14, "product": 4, "quantity": 7, "cost": "0.00"}}, {"model": "foodcartapp.ordercontents", "pk": 24, "fields": {"order": 15, "product": 1, "quantity": 123, "cost": "0.00"}}, {"model": "foodcartapp.ordercontents", "pk": 25, "fields": {"order": 15, "product": 2, "quantity": 1, "cost": "0.00"}}, {"model": "foodcartapp.ordercontents", "pk": 26, "fields": {"order": 15, "product": 3, "quantity": 1, "cost": "0.00"}}, {"model": "foodcartapp.ordercontents", "pk": 27, "fields": {"order": 15, "product": 4, "quantity": 7, "cost": "0.00"}}, {"model": "foodcartapp.ordercontents", "pk": 28, "fields": {"order": 16, "product": 3, "quantity": 123, "cost": "0.00"}}, {"model": "foodcartapp.ordercontents", "pk": 29, "fields": {"order": 16, "product": 2, "quantity": 1, "cost": "0.00"}}, {"model": "foodcartapp.ordercontents", "pk": 30, "fields": {"order": 16, "product": 3, "quantity": 1, "cost": "0.00"}}, {"model": "foodcartapp.ordercontents", "pk": 31, "fields": {"order": 16, "product": 4, "quantity": 7, "cost": "0.00"}}, {"model": "foodcartapp.ordercontents", "pk": 32, "fields": {"order": 17, "product": 1, "quantity": 123, "cost": "0.00"}}, {"model": "foodcartapp.ordercontents", "pk": 33, "fields": {"order": 17, "product": 2, "quantity": 1, "cost": "0.00"}}, {"model": "foodcartapp.ordercontents", "pk": 34, "fields": {"order": 17, "product": 3, "quantity": 1, "cost": "0.00"}}, {"model": "foodcartapp.ordercontents", "pk": 35, "fields": {"order": 17, "product": 4, "quantity": 7, "cost": "0.00"}}, {"model": "foodcartapp.ordercontents", "pk": 36, "fields": {"order": 26, "product": 1, "quantity": 4, "cost": "0.00"}}, {"model": "foodcartapp.ordercontents", "pk": 37, "fields": {"order": 26, "product": 2, "quantity": 1, "cost": "0.00"}}, {"model": "foodcartapp.ordercontents", "pk": 38, "fields": {"order": 27, "product": 6, "quantity": 1, "cost": "0.00"}}, {"model": "foodcartapp.ordercontents", "pk": 39, "fields": {"order": 27, "product": 4, "quantity": 1, "cost": "0.00"}}, {"model": "foodcartapp.ordercontents", "pk": 40, "fields": {"order": 27, "product": 5, "quantity": 1, "cost": "0.00"}}, {"model": "foodcartapp.ordercontents", "pk": 41, "fields": {"order": 28, "product": 6, "quantity": 1, "cost": "0.00"}}, {"model": "foodcartapp.ordercontents", "pk": 42, "fields": {"order": 28, "product": 4, "quantity": 1, "cost": "0.00"}}, {"model": "foodcartapp.ordercontents", "pk": 43, "fields": {"order": 28, "product": 5, "quantity": 1, "cost": "0.00"}}, {"model": "foodcartapp.ordercontents", "pk": 44, "fields": {"order": 29, "product": 6, "quantity": 1, "cost": "0.00"}}, {"model": "foodcartapp.ordercontents", "pk": 45, "fields": {"order": 29, "product": 4, "quantity": 1, "cost": "0.00"}}, {"model": "foodcartapp.ordercontents", "pk": 46, "fields": {"order": 29, "product": 5, "quantity": 1, "cost": "0.00"}}, {"model": "foodcartapp.ordercontents", "pk": 47, "fields": {"order": 34, "product": 1, "quantity": 1, "cost": "269.00"}}, {"model": "foodcartapp.ordercontents", "pk": 48, "fields": {"order": 34, "product": 4, "quantity": 1, "cost": "319.00"}}, {"model": "foodcartapp.ordercontents", "pk": 49, "fields": {"order": 34, "product": 5, "quantity": 1, "cost": "199.00"}}, {"model": "foodcartapp.ordercontents", "pk": 50, "fields": {"order": 36, "product": 6, "quantity": 1, "cost": "690.00"}}, {"model": "foodcartapp.ordercontents", "pk": 51, "fields": {"order": 36, "product": 4, "quantity": 1, "cost": "319.00"}}, {"model": "foodcartapp.ordercontents", "pk": 52, "fields": {"order": 36, "product": 5, "quantity": 1, "cost": "199.00"}}, {"model": "foodcartapp.ordercontents", "pk": 53, "fields": {"order": 38, "product": 6, "quantity": 1, "cost": "69420.00"}}, {"model": "foodcartapp.ordercontents", "pk": 54, "fields": {"order": 38, "product": 4, "quantity": 1, "cost": "319.00"}}, {"model": "foodcartapp.ordercontents", "pk": 55, "fields": {"order": 38, "product": 5, "quantity": 1, "cost": "199.00"}}, {"model": "foodcartapp.ordercontents", "pk": 56, "fields": {"order": 39, "product": 6, "quantity": 1, "cost": "69420.00"}}, {"model": "foodcartapp.ordercontents", "pk": 57, "fields": {"order": 39, "product": 4, "quantity": 1, "cost": "319.00"}}, {"model": "foodcartapp.ordercontents", "pk": 58, "fields": {"order": 39, "product": 5, "quantity": 1, "cost": "199.00"}}, {"model": "foodcartapp.ordercontents", "pk": 59, "fields": {"order": 40, "product": 6, "quantity": 1, "cost": "69420.00"}}, {"model": "foodcartapp.ordercontents", "pk": 60, "fields": {"order": 41, "product": 2, "quantity": 1, "cost": "219.00"}}, {"model": "foodcartapp.ordercontents", "pk": 61, "fields": {"order": 42, "product": 6, "quantity": 2, "cost": "69420.00"}}, {"model": "foodcartapp.ordercontents", "pk": 62, "fields": {"order": 43, "product": 3, "quantity": 5, "cost": "369.00"}}, {"model": "foodcartapp.ordercontents", "pk": 63, "fields": {"order": 44, "product": 1, "quantity": 7, "cost": "269.00"}}, {"model": "foodcartapp.ordercontents", "pk": 64, "fields": {"order": 44, "product": 4, "quantity": 3, "cost": "319.00"}}, {"model": "foodcartapp.ordercontents", "pk": 65, "fields": {"order": 45, "product": 2, "quantity": 2, "cost": "219.00"}}, {"model": "foodcartapp.ordercontents", "pk": 66, "fields": {"order": 46, "product": 5, "quantity": 10, "cost": "199.00"}}, {"model": "foodcartapp.ordercontents", "pk": 67, "fields": {"order": 47, "product": 6, "quantity": 4, "cost": "69420.00"}}, {"model": "foodcartapp.ordercontents", "pk": 68, "fields": {"order": 48, "product": 1, "quantity": 3, "cost": "269.00"}}, {"model": "foodcartapp.ordercontents", "pk": 69, "fields": {"order": 48, "product": 4, "quantity": 7, "cost": "319.00"}}, {"model": "foodcartapp.ordercontents", "pk": 70, "fields": {"order": 49, "product": 3, "quantity": 8, "cost": "369.00"}}, {"model": "foodcartapp.ordercontents", "pk": 71, "fields": {"order": 50, "product": 2, "quantity": 5, "cost": "219.00"}}, {"model": "foodcartapp.ordercontents", "pk": 72, "fields": {"order": 51, "product": 1, "quantity": 6, "cost": "269.00"}}, {"model": "foodcartapp.ordercontents", "pk": 73, "fields": {"order": 52, "product": 4, "quantity": 9, "cost": "319.00"}}, {"model": "foodcartapp.ordercontents", "pk": 74, "fields": {"order": 53, "product": 2, "quantity": 4, "cost": "219.00"}}, {"model": "foodcartapp.ordercontents", "pk": 75, "fields": {"order": 53, "product": 5, "quantity": 6, "cost": "199.00"}}, {"model": "foodcartapp.ordercontents", "pk": 76, "fields": {"order": 54, "product": 6, "quantity": 2, "cost": "69420.00"}}, {"model": "foodcartapp.ordercontents", "pk": 77, "fields": {"order": 55, "product": 3, "quantity": 7, "cost": "369.00"}}, {"model": "foodcartapp.ordercontents", "pk": 78, "fields": {"order": 56, "product": 1, "quantity": 4, "cost": "269.00"}}, {"model": "foodcartapp.ordercontents", "pk": 79, "fields": {"order": 57, "product": 5, "quantity": 5, "cost": "199.00"}}, {"model": "foodcartapp.ordercontents", "pk": 80, "fields": {"order": 58, "product": 4, "quantity": 6, "cost": "319.00"}}, {"model": "foodcartapp.ordercontents", "pk": 81, "fields": {"order": 59, "product": 6, "quantity": 8, "cost": "69420.00"}}, {"model": "foodcartapp.ordercontents", "pk": 82, "fields": {"order": 60, "product": 1, "quantity": 8, "cost": "269.00"}}, {"model": "foodcartapp.ordercontents", "pk": 83, "fields": {"order": 61, "product": 3, "quantity": 6, "cost": "369.00"}}, {"model": "foodcartapp.ordercontents", "pk": 84, "fields": {"order": 62, "product": 2, "quantity": 3, "cost": "219.00"}}, {"model": "foodcartapp.ordercontents", "pk": 85, "fields": {"order": 63, "product": 5, "quantity": 7, "cost": "199.00"}}, {"model": "foodcartapp.ordercontents", "pk": 86, "fields": {"order": 64, "product": 6, "quantity": 6, "cost": "69420.00"}}, {"model": "foodcartapp.ordercontents", "pk": 87, "fields": {"order": 65, "product": 1, "quantity": 1, "cost": "269.00"}}, {"model": "foodcartapp.ordercontents", "pk": 88, "fields": {"order": 65, "product": 2, "quantity": 1, "cost": "219.00"}}, {"model": "foodcartapp.ordercontents", "pk": 89, "fields": {"order": 65, "product": 3, "quantity": 1, "cost": "369.00"}}, {"model": "foodcartapp.ordercontents", "pk": 90, "fields": {"order": 65, "product": 6, "quantity": 1, "cost": "69420.00"}}, {"model": "foodcartapp.ordercontents", "pk": 91, "fields": {"order": 65, "product": 4, "quantity": 1, "cost": "319.00"}}, {"model": "foodcartapp.ordercontents", "pk": 92, "fields": {"order": 65, "product": 5, "quantity": 1, "cost": "199.00"}}, {"model": "foodcartapp.ordercontents", "pk": 93, "fields": {"order": 66, "product": 2, "quantity": 1, "cost": "219.00"}}, {"model": "foodcartapp.ordercontents", "pk": 94, "fields": {"order": 66, "product": 1, "quantity": 1, "cost": "269.00"}}, {"model": "foodcartapp.ordercontents", "pk": 95, "fields": {"order": 66, "product": 3, "quantity": 1, "cost": "369.00"}}, {"model": "foodcartapp.ordercontents", "pk": 96, "fields": {"order": 67, "product": 2, "quantity": 3, "cost": "219.00"}}, {"model": "foodcartapp.ordercontents", "pk": 97, "fields": {"order": 67, "product": 1, "quantity": 3, "cost": "269.00"}}, {"model": "foodcartapp.ordercontents", "pk": 98, "fields": {"order": 67, "product": 3, "quantity": 3, "cost": "369.00"}}, {"model": "foodcartapp.ordercontents", "pk": 99, "fields": {"order": 68, "product": 3, "quantity": 1, "cost": "369.00"}}, {"model": "foodcartapp.ordercontents", "pk": 100, "fields": {"order": 69, "product": 3, "quantity": 1, "cost": "369.00"}}, {"model": "coordinatesapp.location", "pk": 1, "fields": {"address": "ул. Верхние поля, 6", "lon": 37.744082, "lat": 55.661567, "last_fetched": "2024-01-16T11:54:16Z"}}, {"model": "coordinatesapp.location", "pk": 3, "fields": {"address": "Ленинский проспект, 4", "lon": 37.609461, "lat": 37.609461, "last_fetched": "2024-01-16T11:56:07Z"}}, {"model": "coordinatesapp.location", "pk": 29, "fields": {"address": "Москва, ул. Новый Арбат, 15", "lon": 37.59242, "lat": 55.752141, "last_fetched": "2024-01-16T12:45:40.346Z"}}, {"model": "coordinatesapp.location", "pk": 30, "fields": {"address": "г. Москва, ул. Тверская, д. 10, кв. 15", "lon": 37.608392, "lat": 55.762875, "last_fetched": "2024-01-16T12:48:16.833Z"}}, {"model": "coordinatesapp.location", "pk": 31, "fields": {"address": "Москва, пл. Киевского Вокзала, 2", "lon": 37.566072, "lat": 55.744637, "last_fetched": "2024-01-16T12:48:17.380Z"}}, {"model": "coordinatesapp.location", "pk": 32, "fields": {"address": "Москва, Цветной бульвар, 11с2", "lon": 37.620429, "lat": 55.770076, "last_fetched": "2024-01-16T12:48:17.927Z"}}, {"model": "coordinatesapp.location", "pk": 33, "fields": {"address": "г. Москва, ул. Арбат, д. 15, кв. 5", "lon": 37.596893, "lat": 55.750991, "last_fetched": "2024-01-16T12:48:18.455Z"}}, {"model": "coordinatesapp.location", "pk": 34, "fields": {"address": "г. Москва, ул. Новый Арбат, д. 20, кв. 8", "lon": 37.590317, "lat": 55.753088, "last_fetched": "2024-01-16T12:48:19.875Z"}}, {"model": "coordinatesapp.location", "pk": 35, "fields": {"address": "г. Москва, ул. Ленинский проспект, д. 100, кв. 12", "lon": 37.515218, "lat": 55.669006, "last_fetched": "2024-01-16T12:48:20.424Z"}}, {"model": "coordinatesapp.location", "pk": 36, "fields": {"address": "г. Москва, ул. Садовая-Кудринская, д. 5, кв. 40", "lon": 37.583661, "lat": 55.761411, "last_fetched": "2024-01-16T12:50:36.907Z"}}, {"model": "coordinatesapp.location", "pk": 37, "fields": {"address": "г. Москва, ул. Большая Никитская, д. 25, кв. 18", "lon": 37.599238, "lat": 55.757288, "last_fetched": "2024-01-16T12:50:37.456Z"}}, {"model": "coordinatesapp.location", "pk": 38, "fields": {"address": "г. Москва, ул. Лубянка, д. 12, кв. 22", "lon": 37.629026, "lat": 55.761963, "last_fetched": "2024-01-16T12:52:53.963Z"}}, {"model": "coordinatesapp.location", "pk": 39, "fields": {"address": "г. Москва, ул. Красная Пресня, д. 8, кв. 7", "lon": 37.573896, "lat": 55.761624, "last_fetched": "2024-01-16T12:52:54.433Z"}}, {"model": "coordinatesapp.location", "pk": 40, "fields": {"address": "г. Москва, ул. Смоленская-Сенная площадь, д. 3, кв. 14", "lon": 37.584451, "lat": 55.746106, "last_fetched": "2024-01-16T12:55:11.268Z"}}, {"model": "coordinatesapp.location", "pk": 41, "fields": {"address": "г. Москва, ул. Большая Дмитровка, д. 18, кв. 25", "lon": 37.613826, "lat": 55.76246, "last_fetched": "2024-01-16T12:55:11.876Z"}}, {"model": "coordinatesapp.location", "pk": 42, "fields": {"address": "г. Москва, ул. Театральный проезд, д. 7, кв. 11", "lon": 37.625621, "lat": 55.759927, "last_fetched": "2024-01-16T12:55:12.484Z"}}, {"model": "coordinatesapp.location", "pk": 43, "fields": {"address": "г. Москва, ул. Большая Якиманка, д. 30, кв. 9", "lon": 37.612308, "lat": 55.734714, "last_fetched": "2024-01-16T12:59:46.536Z"}}, {"model": "coordinatesapp.location", "pk": 44, "fields": {"address": "г. Москва, ул. Никольская, д. 15, кв. 3", "lon": 37.622441, "lat": 55.757349, "last_fetched": "2024-01-16T12:59:47.065Z"}}, {"model": "coordinatesapp.location", "pk": 45, "fields": {"address": "г. Москва, ул. Кузнецкий Мост, д. 7, кв. 20", "lon": 37.619091, "lat": 55.761776, "last_fetched": "2024-01-16T12:59:47.572Z"}}, {"model": "coordinatesapp.location", "pk": 46, "fields": {"address": "ул. Верхние поля, 4", "lon": 37.744073, "lat": 55.660932, "last_fetched": "2024-02-26T14:19:29.461Z"}}, {"model": "coordinatesapp.location", "pk": 52, "fields": {"address": "Загородное шоссе, 5", "lon": 41.074829, "lat": 56.971639, "last_fetched": "2024-02-26T16:53:15.937Z"}}, {"model": "coordinatesapp.location", "pk": 64, "fields": {"address": "Загородное шоссе, 51", "lon": 55.201321, "lat": 51.768522, "last_fetched": "2024-02-26T17:03:11.334Z"}}, {"model": "coordinatesapp.location", "pk": 65, "fields": {"address": "Загородное шоссе, 5521", "lon": 37.610296, "lat": 55.695311, "last_fetched": "2024-02-26T17:03:13.306Z"}}, {"model": "coordinatesapp.location", "pk": 66, "fields": {"address": "Загородное шоссе, 55211", "lon": 37.610296, "lat": 55.695311, "last_fetched": "2024-02-26T17:03:13.854Z"}}]